Title,Book Blurb,ground_truth
From the Mixed-Up Files of Mrs. Basil E. Frankweiler,"When Claudia decided to run away, she planned very carefully. She would be gone just long enough to teach her parents a lesson in Claudia appreciation. And she would go in comfort-she would live at the Metropolitan Museum of Art. She saved her money, and she invited her brother Jamie to go, mostly because be was a miser and would have money. Claudia was a good organizer and Jamie bad some ideas, too; so the two took up residence at the museum right on schedule. But once the fun of settling in was over, Claudia had two unexpected problems: She felt just the same, and she wanted to feel different; and she found a statue at the Museum so beautiful she could not go home until she bad discovered its maker, a question that baffled the experts, too. The former owner of the statue was Mrs. Basil E. Frankweiler. Without her—well, without her, Claudia might never have found a way to go home.",suspenseful
Authoritative Guide to Self-help Resources in Mental Health,"Self-help materials have become a prime source of psychological advice for millions of Americans. While many self-help resources provide high-quality information and support, others may be misleading, inaccurate, or even harmful. This indispensable volume reveals which are the good ones, which are the bad ones, and why. Based on the results of 5 national studies involving over 2,500 mental health professionals, the book reviews and rates 600+ self-help books, autobiographies, and popular films. In addition, hundreds of helpful Internet sites are described and evaluated by a clinical psychologist, and valuable listings are provided of national and online support groups. The concluding chapter presents practical guidelines for selecting an effective self-help resource. Addressing 28 of the most prevalent clinical disorders and life challenges--from ADHD, Alzheimer's, and anxiety disorders, to marital problems and mood disorders, to weight management and women's issues--this timely book will be tremendously useful to consumers and professionals alike.",informative
Four Aunties and a Wedding,"Meddy Chan has been to countless weddings, but she never imagined how her own would turn out. Now the day has arrived, and she can't wait to marry her college sweetheart, Nathan. Instead of having Ma and the aunts cater to her wedding, Meddy wants them to enjoy the day as guests. As a compromise, they find the perfect wedding vendors: a Chinese-Indonesian family-run company just like theirs. Meddy is hesitant at first, but she hits it off right away with the wedding photographer, Staphanie, who reminds Meddy of herself, down to the unfortunately misspelled name. Meddy realizes that is where their similarities end, however, when she overhears Staphanie talking about taking out a target. Horrified, Meddy can't believe Staphanie and her family aren't just like her own, they are The Family--actual mafia, and they're using Meddy's wedding as a chance to conduct shady business. Her aunties and mother won't let Meddy's wedding ceremony become a murder scene--over their dead bodies--and will do whatever it takes to save her special day, even if it means taking on the mafia.",suspenseful
Sea of Roses,"Captain Alister Paine has always had his good eye set on treasure, murder, and sinking ships. His fame as a ruthless, blood-thirsty pirate has spread across the Seven Seas. The Howling Death, his precious warship, is the deadliest ship on the ocean waters, striking fear into the hearts of all those who see it. So when a deceitful yet sensual woman steals his bloody ship from him, he wants nothing but revenge! AND REVENGE CAN COME IN MANY FORMS... His anger holds no bounds. He wants to punish her, but there is something about Rosetta Silver that has Alister drowning beneath the waves of his carnal desires. Despite her tricky nature, he foolishly ends up wanting her. SHE'S LIKE THE SEA, AND LIKE THE UNTAMABLE SEA, HE WANTS TO DOMINATE HER. However, Rosetta isn't what she seems, and Alister must decide if his desire for this captivating woman is strong enough to fight against her dark secrets.",suspenseful
F*ck Feelings,"The only self-help book you'll ever need, from a psychiatrist who will help you put aside your unrealistic wishes, stop trying to change things you can't change, and do the best with what you can control--the first steps to solving all of life's impossible problems",suspenseful
Science Fiction and the Theatre,"Willingham presents a historical survey of science fiction drama and focusses particularly on the history of attempts to stage science fiction. Little attention has been given to science fiction drama, though numerous science fiction plays exist. This volume gives special attention to works intended for adult audiences, with emphasis on the nature of science fiction drama, its origins and history, the staging of science fiction plays, and works by representative playwrights. The appendix offers an annotated list of 328 science fiction plays, with entries grouped in five categories: original drama, adaptations, musicals and operas, theatre pieces and multi-media works, and Frankenstein dramas. An extensive bibliography concludes the volume.",informative
Bearers Of The Black Staff,"Five hundred years have passed since the devastating demon-led war that almost exterminated humankind. Those who escaped the carnage were led to sanctuary by the boy saviour known as Hawk: the gypsy morph. But now, the unimaginable has come to pass: the cocoon of protective magic surrounding the valley has vanished. When Sider Ament, last surviving Knight of the Word, detects unknown predators stalking the valley, and Trackers from the human village of Glensk Wood find two of their own gruesomely killed, there can be no doubt: the once safe haven of generations has been laid bare. Together, the young Trackers, the aging Knight and a daring Elf princess race to spread word of the encroaching danger. But suspicion and hostility among their countrymen threaten to doom their efforts from within, while beyond the breached borders, a ruthless Troll army masses for invasion. Standing firm between the two, the last wielder of the black staff and its awesome magic must find a successor to carry on the fight against the cresting new wave of evil. ",suspenseful
A Good Girl's Guide to Murder,"This is the story about an investigation turned obsession, full of twists and turns and with an ending you'll never expect. Everyone in Fairview knows the story. Pretty and popular high school senior Andie Bell was murdered by her boyfriend, Sal Singh, who then killed himself. It was all anyone could talk about. And five years later, Pip sees how the tragedy still haunts her town. But she can't shake the feeling that there was more to what happened that day. She knew Sal when she was a child, and he was always so kind to her. How could he possibly have been a killer? Now a senior herself, Pip decides to reexamine the closed case for her final project, at first just to cast doubt on the original investigation. But soon she discovers a trail of dark secrets that might actually prove Sal innocent . . . and the line between past and present begins to blur. Someone in Fairview doesn't want Pip digging around for answers, and now her own life might be in danger.",suspenseful
Bodies that Matter,"The author of ""Gender Trouble"" further develops her distinctive theory of gender by examining the workings of power at the most material dimensions of sex and sexuality. Butler examines how the power of heterosexual hegemony forms the matter of bodies, sex, and gender.",informative
Feeling Great,"Do you sometimes feel . . . Down, depressed, or unhappy? Anxious, panicky, or insecure? Guilty, inadequate, or worthless? Lonely, unwanted, or alone? For decades, we've been told that ""negative"" feelings like depression and anxiety are the result of what's wrong with us, which creates feelings of shame and makes it sound like we're broken and need to be ""fixed."" But what if we have it all backwards? What if our negative moods do not result from what's wrong with us but, rather, what's right with us? This is the revolutionary mind shift you will find in Feeling Great. Written by Dr. David Burns, a pioneer of cognitive therapy and author of the national bestseller Feeling Good: The New Mood Therapy, this book describes a groundbreaking high-speed treatment for depression and anxiety based on one simple notion: Our struggles actually reflect what is most beautiful about us. And when we can see our negative thoughts and feelings from this radically different perspective, recovery becomes possible--sometimes even in the blink of an eye! Based on Dr. Burns's 40+ years of research and more than 40,000 hours treating individuals with severe mood issues, Feeling Great is filled with inspiring real-life case studies and more than 50 actionable tools to crush the negative thoughts that rob you of happiness and self-esteem. You can change the way you feel. In fact, you owe it to yourself to feel GREAT!",informative
The Alchemist ,"""My heart is afraid that it will have to suffer,"" the boy told the alchemist one night as they looked up at the moonless sky."" Tell your heart that the fear of suffering is worse than the suffering itself. And that no heart has ever suffered when it goes in search of its dreams.""
The Alchemist is the magical story of Santiago, an Andalusian shepherd boy who yearns to travel in search of a worldly treasure as extravagant as any ever found. From his home in Spain he journeys to the markets of Tangiers and across the Egyptian desert to a fateful encounter with the alchemist. The story of the treasures Santiago finds along the way teaches us, as only a few stories have done, about the essential wisdom of listening to our hearts, learning to read the omens strewn along life's path, and, above all, following our dreams.",suspenseful
The Book You Were Born to Write,"A guide to writing a full-length transformational nonfiction book, from an editor with two decades' experience working in publishing. ""I know I have a book in me."" ""I've always wanted to be an author."" ""People always ask me when I'm going to write my book."" ""I have a story to tell, but I never seem to make time to write."" Are you a thought leader, healer, or change-agent stuck at the starting line of book publication? Life coach and publishing industry insider Kelly Notaras offers a clear, step-by-step path for turning your transformational idea or story into a finished book as quickly as possible. With humor, encouragement, and common sense, she demystifies the publishing process so you can get started, keep writing, and successfully get your wisdom out into the world. Notaras guides you through: Getting clear on your motivation for writing a book, Crafting a powerful, compelling hook and strong internal book structure, Overcoming resistance and writer's block, and Getting your finished manuscript onto the printed page, whether through traditional publishing or self-publishing. Publishing a book has never been as simple, accessible, and affordable as it is today, and in our tumultuous world, readers need your healing voice. Be brave, be bold, and take the steps you need to share your message with those who need to hear it most.",informative
The Zones of Regulation,"... a curriculum geared toward helping students gain skills in consciously regulating their actions, which in turn leads to increased control and problem solving abilities. Using a cognitive behavior approach, the curriculum's learning activities are designed to help students recognize when they are in different states called ""zones,"" with each of four zones represented by a different color. In the activities, students also learn how to use strategies or tools to stay in a zone or move from one to another. Students explore calming techniques, cognitive strategies, and sensory supports so they will have a toolbox of methods to use to move between zones. To deepen students' understanding of how to self-regulate, the lessons set out to teach students these skills: how to read others' facial expressions and recognize a broader range of emotions, perspective about how others see and react to their behavior, insight into events that trigger their less regulated states, and when and how to use tools and problem solving skills. The curriculum's learning activities are presented in 18 lessons. To reinforce the concepts being taught, each lesson includes probing questions to discuss and instructions for one or more learning activities. Many lessons offer extension activities and ways to adapt the activity for individual student needs. The curriculum also includes worksheets, other handouts, and visuals to display and share. These can be photocopied from this book or printed from the accompanying CD.",informative
ALEX FERGUSON: My Autobiography,"For over two decades Sir Alex Ferguson dominated the Premier League, overseeing a sustained and unparalleled period of success with Manchester United. He was a visionary, able to move with the times and build title-winning teams both on and off the pitch. He was a man-manager of phenomenal skill, and increasingly he had to deal with global stars. His relationship with Cristiano Ronaldo, for instance, was excellent and David Beckham has described Sir Alex as a father figure. In his bestselling autobiography, Sir Alex reflects on the highlights of his extraordinary career and reveals his remarkable story, from his very early days in the tough shipyard areas of Govan to winning the Champions league in Moscow in 2008. Revised and updated, this edition offers reflections on events at Manchester United since his retirement and offers fresh insights and details on his final years as United's manager. ",informative
Down the Hatch,"Private detective Agatha Raisin, having recently taken up power-walking, is striding along a path in Mircester Park during her lunch break when she hears a cry for help. Rushing over, she finds an elderly couple, Mr. and Mrs. Swinburn, in the middle of the green—with the body of an old man lying at their feet. The man, who the coroner determines died by poisoning, was known as ""the Admiral,"" a gardener notorious for his heavy drinking, and Chief Inspector Wilkes writes the death off as an accident caused by the consumption of weedkiller stored in a rum bottle. Agatha is not convinced that anyone would mistake weedkiller for rum but carries on with her work at Raisin Investigations, until she receives an anonymous tip that the Admiral’s death was no accident. Local gossip points to the Swinburns themselves as the killers, spurred by a feud at the club where they, as well as the Admiral, were members. Distraught at this accusation, they turn to Agatha to clear their name, and she takes the case—despite the warnings of Chief Inspector Wilkes. Agatha encounters one suspicious character after another, becoming further enmeshed in the Admiral’s own dark and shady past. And when she's run off the road, narrowly escaping with her life, and then another attack occurs, it becomes clear that someone doesn’t want the case closed—and will stop at nothing to prevent Agatha from solving it.",suspenseful
Depth of Field,"Photographer Tom McCall’s only regret about accepting an assignment from the beautiful Anna Waverley to photograph her boat for a potential buyer is that he has double-booked himself and needs to hand the assignment over to his partner, Bobbi. Little does he know how much of a regret it will become. En route to the assignment, Bobbi is brutally beaten and left for dead. As his partner lies in a coma, Tom searches for an explanation for the attack. Learning that Anna Waverley doesn’t actually own the boat she was supposedly interest in selling, and in fact that the woman claiming to be Anna Waverley may have been an imposter, Tom believes he knows where to start his investigation.",suspenseful
The Mysterious Story of God,"After visiting more than 500 important religious sites, studying more than 1,000 religious, anthropological, and archaeological texts, and years of careful and intense meditation, author Dinesh Sastry has reached some important revelations he considers to be absolute truths. In The Mysterious Story of God, he reveals secrets of God and breaks the code embedded in the Bible, the Bhagavat Gita, Hindu Puranas, and other religious, political, and pop culture texts and occurrences. Through the years, he’s been in touch with top world leaders and corporate titans and is privy to exhilarating truths and revelations, which he shares. He divulges who the covert agencies of the United States and other countries have concluded is the final avatar of God on Earth. Sastry reminds all that the mystery of God is like a complex puzzle, using codes only one person in the history of time and humanity, with the key to the scroll, can solve completely.",suspenseful
The Edge of Dreams,"Molly Murphy Sullivan's husband Daniel, a captain in the New York City police force, is stumped. He's chasing a murderer whose victims have nothing in common—nothing except for the taunting notes that are delivered to Daniel after each murder. And when Daniel receives a note immediately after Molly and her young son Liam are in a terrible train crash, Daniel and Molly both begin to fear that maybe Molly herself was the target. Molly's detective instincts are humming, but finding the time to dig deeper into this case is a challenge. She's healing from injuries sustained in the crash and also sidetracked by her friends Sid and Gus's most recent hobby, dream analysis. And when Molly herself starts suffering from strange dreams, she wonders if they just might hold the key to solving Daniel's murder case.",suspenseful
The Cambridge Companion to Autobiography,"A historical overview of autobiography from the works of Augustine, Montaigne, and Rousseau to the Romantic, Victorian, and modern eras.",informative
Running on Empty,"A large segment of the population struggles with feelings of being detached from themselves and their loved ones. They feel flawed, and blame themselves. Running on Empty will help them realize that they're suffering not because of something that happened to them in childhood, but because of something that didn't happen. It's the white space in their family picture, the background rather than the foreground. This will be the first self-help book to bring this invisible force to light, educate people about it, and teach them how to overcome it.",suspenseful
The Riyria Revelations,"Royce Melborn, a skilled thief, and his mercenary partner, Hadrian Blackwater, make a profitable living carrying out dangerous assignments for conspiring nobles - until they become the unwitting scapegoats in a plot to murder the king. Sentenced to death, their only hope is to unravel an ancient mystery before it's too late. ",suspenseful
When Panic Attacks,"The truth is that you can defeat your fears. We all know what it’s like to feel anxious, worried, or panicky. What you may not realize is that these fears are almost never based on reality. When you’re anxious, you’re actually fooling yourself, telling yourself things that simply aren’t true. See if you can recognize yourself in any of these distortions: All-or-Nothing Thinking: “My mind will go blank when I give my presentation at work, and everyone will think I’m an idiot.” Fortune Telling: “I just know I’ll freeze up and blow it when I take my test.” Mind Reading: “Everyone at this party can see how nervous I am.” Magnification: “Flying is so dangerous. I think this plane is going to crash!” Should Statements: “I shouldn’t be so anxious and insecure. Other people don’t feel this way.” Self-Blame: “What’s wrong with me? I’m such a loser!” Mental Filter: “Why can’t I get anything done? My life seems like one long procrastination.” Using techniques from cognitive behavioral therapy (CBT), which focuses on practical, solution-based methods for understanding and overcoming negative thoughts and emotions, When Panic Attacks gives you the ammunition to quickly defeat every conceivable kind of anxiety, such as chronic worrying, shyness, public speaking anxiety, test anxiety, and phobias, without lengthy therapy or prescription drugs. With forty fast-acting techniques that have been shown to be more effective than medications, When Panic Attacks is an indispensable handbook for anyone who’s worried sick and sick of worrying.",informative
Living Language Dothraki,"Living Language Dothraki brings the world of Game of Thrones to life with a conversational language course teaching Dothraki, the language developed for the HBO series by language and culture consultant David J. Peterson and first seen in George R.R. Martin's A Song of Ice and Fire series. The 128-page coursebook features a step-by-step guide to pronunciation, basic phrases, easy-to-follow grammar explanation and examples, extensive thematic vocabulary lists, dialogue, and exercises for reinforcement. Living Language Dothraki also includes a one-hour audio CD of essential phrases and vocabulary so that learners can speak Dothraki with confidence. Additional notes about the language and the culture of the Dothraki people appear throughout the coursebook to give the language context.",informative
DIY MFA,"Get the Knowledge Without the College! You are a writer. You dream of sharing your words with the world, and you're willing to put in the hard work to achieve success. You may have even considered earning your MFA, but for whatever reason--tuition costs, the time commitment, or other responsibilities--you've never been able to do it. Or maybe you've been looking for a self-guided approach so you don't have to go back to school. This book is for you. DIY MFA is the do-it-yourself alternative to a Master of Fine Arts in creative writing. By combining the three main components of a traditional MFA--writing, reading, and community--it teaches you how to craft compelling stories, engage your readers, and publish your work. Inside you'll learn how to: • Set customized goals for writing and learning. • Generate ideas on demand. • Outline your book from beginning to end. • Breathe life into your characters. • Master point of view, voice, dialogue, and more. • Read with a ""writer's eye"" to emulate the techniques of others. • Network like a pro, get the most out of writing workshops, and submit your work successfully. Writing belongs to everyone--not only those who earn a degree. With DIY MFA, you can take charge of your writing, produce high-quality work, get published, and build a writing career.",informative
Breaking Negative Thinking Patterns,"Breaking Negative Thinking Patterns is the first schema-mode focused resource guide aimed at schema therapy patients and self-help readers seeking to understand and overcome negative patterns of thinking and behaviour. Represents the first resource for general readers on the mode approach to schema therapy Features a wealth of case studies that serve to clarify schemas and modes and illustrate techniques for overcoming dysfunctional modes and behavior patterns Offers a series of exercises that readers can immediately apply to real-world challenges and emotional problems as well as the complex difficulties typically tackled with schema therapy Includes original illustrations that demonstrate the modes and approaches in action, along with 20 self-help mode materials which are also available online Written by authors closely associated with the development of schema therapy and the schema mode approach",informative
The Glass Castle,"The Glass Castle is a remarkable memoir of resilience and redemption, and a revelatory look into a family at once deeply dysfunctional and uniquely vibrant. When sober, Jeannette’s brilliant and charismatic father captured his children’s imagination, teaching them physics, geology, and how to embrace life fearlessly. But when he drank, he was dishonest and destructive. Her mother was a free spirit who abhorred the idea of domesticity and didn’t want the responsibility of raising a family. The Walls children learned to take care of themselves. They fed, clothed, and protected one another, and eventually found their way to New York. Their parents followed them, choosing to be homeless even as their children prospered.The Glass Castle is truly astonishing—a memoir permeated by the intense love of a peculiar but loyal family.",suspenseful
Dune,"Set on the desert planet Arrakis, Dune is the story of the boy Paul Atreides, heir to a noble family tasked with ruling an inhospitable world where the only thing of value is the “spice” melange, a drug capable of extending life and enhancing consciousness. Coveted across the known universe, melange is a prize worth killing for...When House Atreides is betrayed, the destruction of Paul’s family will set the boy on a journey toward a destiny greater than he could ever have imagined. And as he evolves into the mysterious man known as Muad’Dib, he will bring to fruition humankind’s most ancient and unattainable dream.",suspenseful
The Mysteries of Harris Burdick,"Fourteen black-and-white drawings, each accompanied by a title and a caption, entice readers to make up his or her own story. A fictional editor's note tells of an encounter with an author and illustrator named Harris Burdick, who provided the images and captions as samples, each from a different picture book he had written. He left with a promise to deliver the complete manuscripts if the editor chose to buy the books. Burdick was never seen again, and the samples are all that remain of his supposed books. Readers are challenged to imagine their own stories based on the images in the book.",suspenseful
"I, Robot",Earth is ruled by master-machines but the Three Laws of Robotics have been designed to ensure humans maintain the upper hand: 1) A robot may not injure a human being or allow a human being to come to harm 2) A robot must obey orders given to it by human beings except where such orders would conflict with the First Law. 3) A robot must protect its own existence as long as such protection does not conflict with the First or Second Law. But what happens when a rogue robot's idea of what is good for society contravenes the Three Laws?,suspenseful
Sham,"Self-help: To millions of Americans it seems like a godsend. To many others it seems like a joke. But as investigative reporter Steve Salerno reveals in this groundbreaking book, it’s neither—in fact it’s much worse than a joke. Going deep inside the Self-Help and Actualization Movement (fittingly, the words form the acronym SHAM), Salerno offers the first serious exposé of this multibillion-dollar industry and the real damage it is doing—not just to its paying customers, but to all of American society. Based on the author’s extensive reporting—and the inside look at the industry he got while working at a leading “lifestyle” publisher—SHAM shows how thinly credentialed “experts” now dispense advice on everything from mental health to relationships to diet to personal finance to business strategy. Americans spend upward of $8 billion every year on self-help programs and products. And those staggering financial costs are actually the least of our worries. SHAM demonstrates how the self-help movement’s core philosophies have infected virtually every aspect of American life—the home, the workplace, the schools, and more. And Salerno exposes the downside of being uplifted, showing how the “empowering” message that dominates self-help today proves just as damaging as the blame-shifting rhetoric of self-help’s “Recovery” movement. SHAM also reveals: • How self-help gurus conduct extensive market research to reach the same customers over and over—without ever helping them • The inside story on the most notorious gurus—from Dr. Phil to Dr. Laura, from Tony Robbins to John Gray • How your company might be wasting money on motivational speakers, “executive coaches,” and other quick fixes that often hurt quality, productivity, and morale • How the Recovery movement has eradicated notions of personal responsibility by labeling just about anything—from drug abuse to “sex addiction” to shoplifting—a dysfunction or disease • How Americans blindly accept that twelve-step programs offer the only hope of treating addiction, when in fact these programs can do more harm than good • How the self-help movement inspired the disastrous emphasis on self-esteem in our schools • How self-help rhetoric has pushed people away from proven medical treatments by persuading them that they can cure themselves through sheer application of will As Salerno shows, to describe self-help as a waste of time and money vastly understates its collateral damage. And with SHAM, the self-help industry has finally been called to account for the damage it has done. ",informative
Girl in Landscape,"The heroine is 14-year-old Pella Marsh, whose mother dies just as her family flees a post-apocalyptic Brooklyn for the frontier of a recently discovered planet. Hating her ineffectual father, and troubled by a powerful attraction to the virile but dangerous loner who holds sway over the little colony, Pella embarks on a course of discovery that will have tragic and irrevocable consequences - both for the humans in her community, and also for the mysterious and passive indigenous inhabitants, The Archbuilders.",suspenseful
A Little Hatred,"The chimneys of industry rise over Adua and the world seethes with new opportunities. But old scores run deep as ever. On the blood-soaked borders of Angland, Leo dan Brock struggles to win fame on the battlefield, and defeat the marauding armies of Stour Nightfall. He hopes for help from the crown. But King Jezal's son, the feckless Prince Orso, is a man who specializes in disappointments. Savine dan Glokta -- socialite, investor, and daughter of the most feared man in the Union -- plans to claw her way to the top of the slag-heap of society by any means necessary. But the slums boil over with a rage that all the money in the world cannot control. The age of the machine dawns, but the age of magic refuses to die. With the help of the mad hillwoman Isern-i-Phail, Rikke struggles to control the blessing, or the curse, of the Long Eye. Glimpsing the future is one thing, but with the guiding hand of the First of the Magi still pulling the strings, changing it will be quite another.",suspenseful
Fantasy Literature,"Fantasy literature, often derided as superficial and escapist, is one of the most popular and enduring genres of fiction worldwide. It is also—perhaps surprisingly—thought-provoking, structurally complex, and relevant to contemporary society, as the essays in this volume attest. The scholars, teachers, and authors represented here offer their perspectives on this engaging genre. Within these pages, a reader will find a wealth of ideas to help teachers use these texts in the classroom, challenging students to read fantasy with a critical eye. They employ interdisciplinary, philosophical, and religious lenses, as well as Marxist and feminist critical theory, to help students unlock texts. The books discussed include epic fantasy by such authors as Tolkien and Le Guin, children’s fantasy by Beatrix Potter and Saint-Exupéry, modern fantasy by Rowling and Martin, and even fairy tales and comic books. The contributors offer provocations, questioning the texts and pushing the boundaries of meaning within the fantasy genre. And in doing so, they challenge readers themselves to ponder these tales more deeply. But through each of these chapters runs a profound love of the genre and a respect for those who produce such beautiful and moving stories. Furthermore, as with all the books in this series, this volume is informed by the tenets of critical pedagogy, and is focused on re-envisioning fantasy literature through the lens of social justice and empowerment. Prepare to be challenged and inspired as you read these explorations of a much-loved genre.",informative
Ursula K. Le Guin: Conversations on Writing,"Ursula K. Le Guin discusses her fiction, nonfiction, and poetry both her process and her philosophy with all the wisdom, profundity, and rigor we expect from one of the great writers of the last century. When the New York Times referred to Ursula K. Le Guin as America’s greatest writer of science fiction, they just might have undersold her legacy. It’s hard to look at her vast body of work?novels and stories across multiple genres, poems, translations, essays, speeches, and criticism?and see anything but one of our greatest writers, period. In a series of interviews with David Naimon (Between the Covers), Le Guin discusses craft, aesthetics, and philosophy in her fiction, poetry, and nonfiction respectively. The discussions provide ample advice and guidance for writers of every level, but also give Le Guin a chance to to sound off on some of her favorite subjects: the genre wars, the patriarchy, the natural world, and what, in her opinion, makes for great writing. With excerpts from her own books and those that she looked to for inspiration, this volume is a treat for Le Guin’s longtime readers, a perfect introduction for those first approaching her writing, and a tribute to her incredible life and work.",informative
Atomic Habits,"Tiny Changes, Remarkable Results No matter your goals, Atomic Habits offers a proven framework for improving--every day. James Clear, one of the world's leading experts on habit formation, reveals practical strategies that will teach you exactly how to form good habits, break bad ones, and master the tiny behaviors that lead to remarkable results. If you're having trouble changing your habits, the problem isn't you. The problem is your system. Bad habits repeat themselves again and again not because you don't want to change, but because you have the wrong system for change. You do not rise to the level of your goals. You fall to the level of your systems. Here, you'll get a proven system that can take you to new heights. Clear is known for his ability to distill complex topics into simple behaviors that can be easily applied to daily life and work. Here, he draws on the most proven ideas from biology, psychology, and neuroscience to create an easy-to-understand guide for making good habits inevitable and bad habits impossible. Along the way, readers will be inspired and entertained with true stories from Olympic gold medalists, award-winning artists, business leaders, life-saving physicians, and star comedians who have used the science of small habits to master their craft and vault to the top of their field. Learn how to: make time for new habits (even when life gets crazy); overcome a lack of motivation and willpower; design your environment to make success easier; get back on track when you fall off course; ...and much more. Atomic Habits will reshape the way you think about progress and success, and give you the tools and strategies you need to transform your habits--whether you are a team looking to win a championship, an organization hoping to redefine an industry, or simply an individual who wishes to quit smoking, lose weight, reduce stress, or achieve any other goal.",informative
The Black Coast,"War Dragons. Fearsome Raiders. A Daemonic Warlord on the Rise. When the citizens of Black Keep see ships on the horizon, terror takes them because they know who is coming: for generations, the keep has been raided by the fearsome clanspeople of Tjakorsha. Saddling their war dragons, Black Keep's warriors rush to defend their home only to discover that the clanspeople have not come to pillage at all. Driven from their own land by a daemonic despot who prophesises the end of the world, the raiders come in search of a new home . . . Meanwhile the wider continent of Narida is lurching toward war. Black Keep is about to be caught in the crossfire – if only its new mismatched society can survive. The start of an unmissable fantasy series.",suspenseful
James Fenimore Cooper,"Most of the essays in James Fenimore Cooper: New Historical and Literary Contexts are either directly or indirectly informed by the need to confront Cooper's tales with the indeterminate historical context from which they arose. Others start from the premise that our understanding of Cooper's work can benefit significantly from displacing it from its traditional position in American literary history and by repositioning it in a new literary context. What unites all the essays is a commitment to read Cooper's works as culturally-encoded documents that both reflect and give us access to the complex, equivocal mind that created them. This is not to say that the essays share a common critical or methodological approach; indeed, they were commissioned and selected with the specific intention of applying contending approaches in contemporary literary discourse to the canonical Cooper. While the array of critical approaches represented in the book is by no means exhaustive, interpretive strategies vary from textual, formalistic New Critical readings to old historical, contextual readings, and from new historical, revisionist readings to deconstructive readings. Through their critical diversity these essays will cast a new light on Cooper's work in relation to its historical context, and on the relevance of Cooper's work to both nineteenth-century and modern literary, historical, and ideological debates.",informative
The Practice Effect,"Physicist Dennis Nuel was the first human to probe the strange realms called anomaly worlds—alternate universes where the laws of science were unpredictably changed. But the world Dennis discovered seemed almost like our own—with one perplexing difference. To his astonishment, he was hailed as a wizard and found himself fighting beside a beautiful woman with strange powers against a mysterious warlord as he struggled to solve the riddle of this baffling world. ",suspenseful
Robert Ward's The Crucible,"In Robert Ward's The Crucible: Creating an American Musical Nationalism, Robert Paul Kolt explores the life of the American composer Robert Ward through an examination of his most popular and enduring work, The Crucible. Focusing on the musical-linguistic relationships within the opera, Kolt demonstrates Ward's unique synthesis of text and music, one that lends itself to the perception of American musical nationalism. This book contains the most thorough and in-depth biography of Ward yet in print. Based on interviews with the composer, Kolt presents new information about Ward's life and career, focusing on his opera and examining the formation and construction of The Crucible's libretto and score, in turn offering new insights into the process of composing an opera. Kolt observes how the libretto's linguistic aspects helped Ward formulate the opera's melodic and rhythmic musical material. A detailed and unique analysis of the opera, particularly the musical and linguistic techniques Ward employed, demonstrates how these techniques lend themselves to the opera's reception as a work of American musical nationalism. The book also provides yet unpublished information on Arthur Miller's play, examining how it came to be written and soon after became the basis for Ward's work. Several appendixes provide a fuller picture, including a deleted scene from Miller's play and Ward's version of the scene, a chronological overview of the Salem Witchcraft Trials, and illustrations and photo reproductions from Ward's manuscript.",informative
In Ashes Lie,"ABOVE It is the seventeenth century. For twenty years, the City of London has been torn apart: by war, by plague, by fire. BELOW The Onyx Court is London's faerie shadow. Dedicated to co-existence with mortals, it struggles to survive against rival courts who oppose everything it stands for. BETWEEN Now, when these two realms are at their most divided, they face a threat neither can defeat alone. The Great Fire ravaging London is more than mere flames. While the city's human residents struggle to halt the inexorable blaze, the fae must defeat a stranger foe: the embodiment of the fire itself, a monstrous Dragon that seeks to devour London both above and below. If the faerie queen Lune and her mortal consort cannot bring the two worlds together, the city itself may not survive . . . .",suspenseful
The Winning Clue,"Enid Withers is found dead and amateur detective Lawrence Bristow takes up on a challenge to solve the mystery of her murder. But after hitting few dead ends, Bristow is joined by a professional investigator Samuel Braceway. Both have their unique ways and different theories, and believe the other one is on the wrong trail. ",suspenseful
The Do-Over,"A witty, romantic comedy of errors as former high school rivals McKenna and Henry inadvertently reunite in their hometown. Hot-shot lawyer McKenna Keaton finds herself in hot water with her own law firm when she’s (falsely!) accused of embezzlement. Placed on unpaid leave, she suddenly finds herself with the free time to return home and attend her youngest sister’s wedding activities. But it’s not all fun and games. Waiting back home is shy, nerdy Henry Blumenthal—McKenna’s high school rival for valedictorian who once took three hours to beat her at chess. Scratch that. He’s Hank Blume now, the famed documentarian, Durham, North Carolina’s, darling son, who has attained all his dreams and more. He also happens to look like he stepped out of an Eddie Bauer catalog. Whereas McKenna is a disgraced workaholic from New York on unpaid leave, accused of a white-collar crime she would nevercommit, succumbing to panic attacks, watching her dreams unravel. At age thirty-eight—and destined by the family curse to die before she turns forty, apparently—it’s absolutely the wrong time to have a major crush on a man. Especially one who treasures his memories of McKenna as the girl Most Likely to Succeed. ",suspenseful
Nothing But This,"A married couple yearns to rediscover lost love in this novel about forgiveness, reconciliation, and emotional growth. It's always been complicated between Libby Lawson and Greyson Chapman--and married life isn't any simpler. But when Libby gets pregnant, she at last sees a bright future ahead. There's just one problem: Greyson says he's sterile. Furious, Greyson abandons the young family. Equally furious and deeply hurt, Libby cuts all ties with him. After all these years, it seems their relationship has finally expired. But love is resilient and endures even when you don't want it to. Greyson still longs for Libby, and though Libby's heartbroken by Greyson's lack of trust, she holds out hope for a complete, happy family. And so they embark on the journey back to each other, wary of all the obstacles between them. It's been a long road already--one strewed with fear, doubt, and misunderstandings. Will they keep looking to the past, or will they look to each other and walk hand in hand toward a broad new horizon?",suspenseful
The Fantasy Fiction Formula,"There's more to writing a successful fantasy story than building a unique world or inventing a new type of magic. From the writing of strong, action-packed scenes to the creation of dynamic, multi-dimensional characters, fantasy author Deborah Chester guides novices and intermediate writers through a step-by-step process of story construction. Whether offering tips on how to test a plot premise or survive what she calls the dark dismal middle, Chester shares the techniques she uses in writing her own novels. Examples drawn from both traditional and urban fantasy illustrate her nuts-and-bolts approach to elemental story design. With a foreword by New York Times best-selling author Jim Butcher, who studied writing in Chester's classes at the University of Oklahoma, The fantasy fiction formula delivers a practical, proven approach to writing fantasy like a pro.",suspenseful
Getting Past Your Past,"A totally accessible user's guide from the creator of a scientifically proven form of psychotherapy that has successfully treated millions of people worldwide. Whether we've experienced small setbacks or major traumas, we are all influenced by memories and experiences we may not remember or don't fully understand. Getting Past Your Past offers practical procedures that demystify the human condition and empower readers looking to achieve real change. Shapiro, the creator of EMDR (Eye Movement Desensitization and Reprocessing), explains how our personalities develop and why we become trapped into feeling, believing and acting in ways that don't serve us. Through detailed examples and exercises readers will learn to understand themselves, and why the people in their lives act the way they do. Most importantly, readers will also learn techniques to improve their relationships, break through emotional barriers, overcome limitations and excel in ways taught to Olympic athletes, successful executives and performers. An easy conversational style, humor and fascinating real life stories make it simple to understand the brain science, why we get stuck in various ways and what to do about it. Don't let yourself be run by unconscious and automatic reactions. ",informative
My Lady Jane,"In My Lady Jane, coauthors Cynthia Hand, Brodi Ashton, and Jodi Meadows have created a one-of-a-kind YA fantasy in the tradition of The Princess Bride, featuring a reluctant king, an even more reluctant queen, a noble steed, and only a passing resemblance to actual history—because sometimes history needs a little help. At sixteen, Lady Jane Grey is about to be married off to a stranger and caught up in a conspiracy to rob her cousin, King Edward, of his throne. But those trifling problems aren’t for Jane to worry about. Jane gets to be Queen of England. Like that could go wrong. ",suspenseful
Nancy Drew 12: The Message in the Hollow Oak,"A group of professional detectives challenge Nancy to tackle a mystery that they have failed to solve: find an invaluable message hidden by a missionary centuries ago in a hollow oak tree in Illinois. While searching the woods for the ancient tree, Nancy and her friends live with a group of young archaeologists who are excavating prehistoric Indian burial mounds on a nearby farm. A shadowy enemy stalks Nancy and harasses everyone at the dig. The young investigator pursues her dangerous adversary to an outlaws’ cave, and is threatened when she discovers an unusual treasure. How Nancy, with few clues to go on, solves this complex mystery will thrill all readers.",suspenseful
Elantris,"Elantris was the capital of Arelon: gigantic, beautiful, literally radiant, filled with benevolent beings who used their powerful magical abilities for the benefit of all. Yet each of these demigods was once an ordinary person until touched by the mysterious transforming power of the Shaod. Ten years ago, without warning, the magic failed. Elantrians became wizened, leper-like, powerless creatures, and Elantris itself dark, filthy, and crumbling.",suspenseful
Open,"From Andre Agassi, one of the most beloved athletes in history and one of the most gifted men ever to step onto a tennis court, a beautiful, haunting autobiography. Agassi’s incredibly rigorous training begins when he is just a child. By the age of thirteen, he is banished to a Florida tennis camp that feels like a prison camp. Lonely, scared, a ninth-grade dropout, he rebels in ways that will soon make him a 1980s icon. He dyes his hair, pierces his ears, dresses like a punk rocker. By the time he turns pro at sixteen, his new look promises to change tennis forever, as does his lightning-fast return. And yet, despite his raw talent, he struggles early on. We feel his confusion as he loses to the world’s best, his greater confusion as he starts to win. After stumbling in three Grand Slam finals, Agassi shocks the world, and himself, by capturing the 1992 Wimbledon. Overnight he becomes a fan favorite and a media target. Agassi brings a near-photographic memory to every pivotal match and every relationship. Never before has the inner game of tennis and the outer game of fame been so precisely limned. Alongside vivid portraits of rivals from several generations—Jimmy Connors, Pete Sampras, Roger Federer—Agassi gives unstinting accounts of his brief time with Barbra Streisand and his doomed marriage to Brooke Shields. He reveals a shattering loss of confidence. And he recounts his spectacular resurrection, a comeback climaxing with his epic run at the 1999 French Open and his march to become the oldest man ever ranked number one. In clear, taut prose, Agassi evokes his loyal brother, his wise coach, his gentle trainer, all the people who help him regain his balance and find love at last with Stefanie Graf. Inspired by her quiet strength, he fights through crippling pain from a deteriorating spine to remain a dangerous opponent in the twenty-first and final year of his career. Entering his last tournament in 2006, he’s hailed for completing a stunning metamorphosis, from nonconformist to elder statesman, from dropout to education advocate. And still he’s not done. At a U.S. Open for the ages, he makes a courageous last stand, then delivers one of the most stirring farewells ever heard in a sporting arena.",suspenseful
Ignite Me,"With Omega Point destroyed, Juliette doesn't know if the rebels, her friends, or even Adam are alive. But that won't keep her from trying to take down The Reestablishment once and for all. Now she must rely on Warner, the handsome commander of Sector 45. The one person she never thought she could trust. The same person who saved her life. He promises to help Juliette master her powers and save their dying world . . . but that's not all he wants with her. ",suspenseful
Romancing the Beat,"What makes a romance novel a romance? How do you write a kissing book?Writing a well-structured romance isn't the same as writing any other genre-something the popular novel and screenwriting guides don't address. The romance arc is made up of its own story beats, and the external plot and theme need to be braided to the romance arc-not the other way around.Told in conversational (and often irreverent) prose, Romancing the Beat can be read like you are sitting down to coffee with romance editor and author Gwen Hayes while she explains story structure. The way she does with her clients. Some of whom are regular inhabitants of the New York Times and USA Today bestseller lists.Romancing the Beat is a recipe, not a rigid system. The beats don't care if you plot or outline before you write, or if you pants your way through the drafts and do a ""beat check"" when you're revising. Pantsers and plotters are both welcome. So sit down, grab a cuppa, and let's talk about kissing books.",informative
The Catechism of the Council of Trent,"Compiled under the direction of St. Charles Borromeo and recognized as the most authoritative Catholic catechism. Leo XIII recommended two books-- the Summa and this Catechism--for all seminarians! Pope Benedict 16th, as a Cardinal, called it the most important Catholic Catechism. Originally designed to supply parish priest with an official book of instruction, it has been used extensively by the laity as a steadying guide in our confused age. New typesetting and beautiful hardbound cover.",informative
Agatha Christie: An Autobiography,"From early childhood at the end of the 19th century, through two marriages and two World Wars, and her experiences both as a writer and on archaeological expeditions with her second husband, Max Mallowan, this book reveals the true genius of her legendary success with real passion and openness.",informative
The Mystery Book Mystery,"When seventeen-year-old Libby Clark signed up for the Piedmont Foothills Writers’ Conference, her idea was to take the Mystery Workshop, conducted by Hamlyn Brent, the expert on mysteries. She never expected to find a ready-made plot: the murder of Carlton Gillespie, famous columnist, slick magazine writer, the intended star speaker at the Awards dinner. Could she write a mystery story about a real murder, just as if it were fiction? In the process of trying to write her book, Libby finds herself involved with an assortment of strange characters, each connected with the victim in some way, each with a seemingly credible motive. And then, scarcely a day after the inquest—another victim! ",suspenseful
Dark Matter,"“Are you happy with your life?” Those are the last words Jason Dessen hears before the kidnapper knocks him unconscious. Before he awakens to find himself strapped to a gurney, surrounded by strangers in hazmat suits. Before a man he’s never met smiles down at him and says, “Welcome back, my friend.” In this world he’s woken up to, Jason’s life is not the one he knows. His wife is not his wife. His son was never born. And Jason is not an ordinary college professor but a celebrated genius who has achieved something remarkable. Something impossible. Is it this life or the other that’s the dream? And even if the home he remembers is real, how will Jason make it back to the family he loves? ",suspenseful
The Prairie Thief,"In late 19th-century Colorado, Louisa's father is erroneously arrested for thievery and, while under the charge of the awful Smirch family, Louisa and a magical friend must find a way to prove his innocence.",suspenseful
A Death at the University,"Sam Wiseman owns a cosy bookshop in the heart of Montreal, and has a particular love for detective novels. He leads a simple life, where the only mysteries are the ones he reads about in books. Until now. When Sam discovers the body of a professor at the nearby university, he becomes part of the investigation, and not for the reason he'd hoped. Forming an unlikely friendship with Detective Gaston Lemieux, Sam sets out to follow the clues and find the truth. Because Sam wants to do more than just clear his own name. He wants to solve the case.",suspenseful
Anglicising Romance,"A reappraisal of the tail-rhyme form so strongly associated with medieval English romance, and how it became so appropriated.",informative
